﻿Designator,Quantity,Value,Footprint,Package,MPN,DNP,Mount_Type,Description,MF,MAXIMUM_PACKAGE_HEIGHT,Price,Check_prices,STANDARD,PARTREV,SnapEDA_Link,MP,Description_1,Availability,MANUFACTURER
A1,1,ESP32_DevKit_V1_DOIT_30GPIOs,DOIT_ESP32_DEVKIT_30Pins,,,,tht,"Microcontroller module with ESP32 MCU, WiFi and Bluetooth",,,,,,,,,,,
"J1, J2, J3",3,PINHD_1x4_Female,PinSocket_1x04_P2.54mm_Vertical,,,,tht,Pin Header female with pin space 2.54mm. Pin Count -4,,,,,,,,,,,
J4,1,PINHD_1x3_Female,PinSocket_1x03_P2.54mm_Vertical,,,,tht,Pin Header female with pin space 2.54mm. Pin Count -3,,,,,,,,,,,
SW1,1,RotaryEncoder_Switch,RotaryEncoder_Alps_EC11E-Switch_Vertical_H20mm,,,,tht,"Rotary encoder, dual channel, incremental quadrate outputs, with switch",,,,,,,,,,,
SW2,1,SW_DPST_x2,PinSocket_1x03_P2.54mm_Vertical,,,,tht,"Single Pole Single Throw (SPST) switch, separate symbol",,,,,,,,,,,
"U1, U2, U3",3,A4988,A4988_Breakout,,,,tht,A4988 Stepper Motor Driver Breakout Board,,,,,,,,,,,
U4,1,~,12v to 5v,,,,smt,,,,,,,,,,,,
U5,1,DM-OLED096-636,MODULE_DM-OLED096-636,Package,,,tht,,Display Module,11.3 mm,None,https://www.snapeda.com/parts/DM-OLED096-636/Display+Module/view-part/?ref=eda,Manufacturer Recommendations,2018-09-10,https://www.snapeda.com/parts/DM-OLED096-636/Display+Module/view-part/?ref=snap,DM-OLED096-636,"
                        
                            0.96” 128 X 64 MONOCHROME GRAPHIC OLED DISPLAY MODULE - I2C
                        
",Not in stock,Displaymodule
