﻿pos_x,pos_y,rotation,side,designator,mpn,pack,footprint,value,mount_type
94.668901,-65.65,0.0,top,A1,,,DOIT_ESP32_DEVKIT_30Pins,ESP32_DevKit_V1_DOIT_30GPIOs,tht
145.571651,-66.746604,30.0,top,J1,,,PinSocket_1x04_P2.54mm_Vertical,PINHD_1x4_Female,tht
65.48,-73.499705,150.0,top,J2,,,PinSocket_1x04_P2.54mm_Vertical,PINHD_1x4_Female,tht
103.5,-138.85,90.0,top,J3,,,PinSocket_1x04_P2.54mm_Vertical,PINHD_1x4_Female,tht
138.72,-98.250295,-30.0,top,J4,,,PinSocket_1x03_P2.54mm_Vertical,PINHD_1x3_Female,tht
86.8,-93.0,-90.0,top,SW1,,,RotaryEncoder_Alps_EC11E-Switch_Vertical_H20mm,RotaryEncoder_Switch,tht
131.77,-110.400295,-30.0,top,SW2,,,PinSocket_1x03_P2.54mm_Vertical,SW_DPST_x2,tht
127.900739,-71.530772,30.0,top,U1,,,A4988_Breakout,A4988,tht
98.35,-114.25,-90.0,bottom,U2,,,A4988_Breakout,A4988,tht
78.699261,-87.369229,150.0,top,U3,,,A4988_Breakout,A4988,tht
104.469472,-81.595,90.0,top,U4,,,12v to 5v,~,smt
107.35,-120.8125,0.0,top,U5,,Package,MODULE_DM-OLED096-636,DM-OLED096-636,tht
